Keyword,Volume,CPC,KD,SERP
"brawl stars tier list",40500,0.00,0,no
"brawl star meta",4400,0.00,3,no
"brawl stars best brawler",1900,0.00,9,no
"brawlstars tier list",1600,0.00,0,no
"tier list brawl star",880,0.00,0,no
"brawl stars character tier list",590,0.00,0,no
"brawl stars tier",590,0.00,8,no
"brawl stars rankings",170,0.00,0,no
"brawl stars best characters",170,0.00,4,no
"nickelodeon all star brawl tier list",140,0.00,0,no
"brawl stars power levels",30,0.00,1,no
"all star brawl tier list",20,0.00,0,no
"brawl stars character rankings",20,0.00,0,no
"brawl stars hero list",10,0.00,,no
"brawl stars meta 2022",10,0.00,27,no
"brawl stars the best brawler",10,0.00,,no
"brawl stars tier list 2022",10,0.00,0,no
"brawl stars character tiers",10,0.00,,no
"tier list brawl stars 2022",0,0.00,11,no
"brawl stars ranking chart",0,0.00,,no
"brawl stars tier rankings",0,0.00,,no
"brawl stars hero tiers",0,0.00,,no